,f1,recall,precision,ct
0,0.55131,0.441627,0.733479,C8
1,0.778443,0.7287,0.835476,C26
2,0.668274,0.66528,0.671295,C7
3,0.744186,0.69632,0.799119,C25
