,hierarchy_1,hierarchy_2
f1,0.558333,0.696809
recall,0.546939,0.534694
precision,0.570213,1.0
