,x_coordinate,y_coordinate
0,1472.1517241950817,1566.3791900910928
1,1117.3399355023034,1540.4465006013793
2,1266.32479178096,1017.8792853838214
3,1579.8861336563157,962.1492773661616
