,x_coordinate,y_coordinate
0,1566.3791900910928,429.2278360054549
1,1540.4465006013793,662.7068651183102
2,1134.023437515417,820.9449893850151
3,1017.8792853838214,744.263954782636
4,962.1492773661616,544.8281971450429
5,1248.8271525703146,466.73526505149215
