,dataset_celltypekey,ConvexGating,Hypergate,RBF SVM,linear SVM
0,Oetjen_cell_type_lvl2,0.8035980197752115,0.7816180591167916,0.9597892776808169,0.9165091393800151
1,Oetjen_cell_type_lvl3,0.5549292470127085,0.49325086738728985,0.6898448449296868,0.5852868380762652
2,Oetjen_cell_type_lvl4,0.4460733232965994,0.3983215149434253,0.647705063229533,0.5162461434388114
3,Oetjen_cell_type_lvl5,0.30999826654584317,0.2786793494618431,0.4722132483378213,0.35327525576532653
4,large PBMC_cluster cell_type_lvl_1,0.8089017897120704,0.8021764921961255,0.9212340081134478,0.8372062975952356
5,large PBMC_cluster cell_type_lvl_2,0.6751640571798868,0.5997075059461037,0.7073781955999544,0.60851600695381
6,small DC_cell_types,0.8491314574533352,0.7629913473195782,0.8216041950415901,0.6298958031139381
7,small DC_cell_types_lvl2,0.5926411213860805,0.4967481511248005,0.47834518230512507,0.31046159457621514
