,x_coordinate,y_coordinate
0,0.3424466424875938,1.6601336187971631
1,0.33676534789199286,0.22605215120988098
2,0.346276023590497,0.09227476791112266
3,0.42592180728546725,0.006319324503862128
4,0.5564596400538627,0.015405133815400818
5,0.6389564787328398,0.05888908385512586
6,0.655671570676815,0.2793297344454818
7,0.6532961248121265,0.528921508053545
8,0.5330179039622703,1.5525671346061893
9,0.4435405566381576,1.6787446092774523
