,x_coordinate,y_coordinate
0,6.267886301218133,4.556279829336217
1,4.238784794669534,5.760032845064771
2,1.6548406345535096,4.7175352769013905
3,0.8756073862371377,4.063926335498706
4,0.8687567495633203,3.1951647081039276
5,1.012347170210244,2.8568518551521165
6,1.4945874997064543,2.132339759633655
7,2.0902865186949433,1.4078050264823787
8,4.641947887382795,1.264471632523423
9,5.257335746198924,1.4096958751311988
10,5.457668113209166,1.4828537254236522
11,6.155092422222928,2.798027143668637
