,x_coordinate,y_coordinate
0,0.6316544010765262,0.5444017842511184
1,0.6897908953408308,0.49608961033984134
2,0.6926385881953168,0.5277065951104911
3,0.6929954035228792,0.5611096500150806
4,0.6931149561862436,0.6637532135805874
5,0.6930304431052178,0.6722268514097235
6,0.6926635624493314,0.6794596298531014
7,0.6543301068346027,0.6855261173669921
8,0.6452436387902752,0.6609220708082001
9,0.6371558235773505,0.6384882536183025
