,hierarchy_1,hierarchy_2
f1,0.559671,0.703704
recall,0.555102,0.542857
precision,0.564315,1.0
