,f1_rbf_svm,f1_cg
0,0.9995186908390824,0.986853
1,0.999693846310848,0.993551
2,0.9995264404104184,0.994602
3,0.9742489270386266,0.820639
4,0.9978299956599912,0.989203
5,0.9536082474226804,0.655405
6,0.987012987012987,0.58871
7,0.9980806142034548,0.987651
8,0.9982496674368132,0.970243
