,recall_rbf_svm,recall_cg
0,1.0,0.975923
1,0.9997958767095324,0.99061
2,1.0,0.989419
3,0.953781512605042,0.701681
4,0.9981394194988836,0.983007
5,0.9536082474226804,0.5
6,0.9855907780979828,0.420749
7,0.9980806142034548,0.978599
8,0.998040039199216,0.949461
