,f1_lin_svm,f1_cg
0,0.9955306903315004,0.98072
1,0.9871443624868284,0.874764
2,0.9970564736554391,0.987428
3,0.987938596491228,0.895073
4,0.9971449667733202,0.752048
5,0.9832649194821595,0.865248
6,0.9977739215789382,0.960394
7,0.9930183849197112,0.767714
8,0.9975861053871062,0.956033
9,0.9775438596491228,0.77166
10,0.9965155227839848,0.956263
11,0.9859034600598034,0.891574
12,0.99617697794769,0.944031
13,0.9802256460026688,0.839425
14,0.9983893321346968,0.96974
15,0.9860365198711064,0.814322
