,precision_lin_svm,precision_cg
0,0.981101857783472,0.99803
1,0.9898435913061142,0.996509
2,0.9951011378002528,0.99984
3,0.7773584905660378,0.988166
4,0.9853185241925188,0.995478
5,0.86,0.95098
6,0.8264705882352941,0.979866
7,0.9948596689626812,0.996872
8,0.9590221845414724,0.991956
