,x_coordinate,y_coordinate
0,0.004615329679335093,0.3470196890281
1,3.3742447769485175,0.691901442090846
2,3.208644326766422,0.6928149029830943
3,3.0836122188471453,0.6930426555778545
4,0.01899727514698811,0.693172207363096
5,0.002266099083134741,0.6931450787339248
6,0.0005018368897615743,0.693075049501201
7,0.0001449326971097447,0.6929836970451806
8,4.528911412330496e-05,0.6926268753741526
9,-4.022177658506033e-05,0.6837831816452435
10,2.1819943914788185e-07,0.3580979986771722
