,x_coordinate,y_coordinate
0,0.6927833932073615,8.978572608146681
1,0.5341536398767786,6.048696878103409
2,0.5419502579314396,4.7532450862378015
3,0.6904283050285549,3.13598946606979
4,0.6927738424516899,3.5030636902624983
5,0.6931280681247386,4.8962904462428005
6,0.69317165584304,5.158565859240183
7,0.6931730553505052,6.191493399404893
8,0.6931091509614766,7.263274409870347
9,0.693031584711585,8.400754072025963
