,x_coordinate,y_coordinate
0,3.9877416530956107,2.369546767747865
1,2.6652818075705893,2.4588791938706076
2,0.07913029849078809,0.028448647418037702
3,0.06350025204809887,0.003692115565047245
4,1.146857249212555,0.06214567199165307
5,1.4027728777669826,0.10621809005119928
6,1.8606786646414228,0.19673621533868016
7,2.6346859491181602,0.5323320363431945
8,2.870603951624347,0.7832517494775442
9,3.6952750973521886,1.8765044997203253
