,x_coordinate,y_coordinate
0,0.6445138103643198,0.6839721417147879
1,0.6038211924644253,0.34322925488507083
2,0.6901318441297838,0.3372572792620169
3,0.6921767753061024,0.33848380469425093
4,0.6931008052468016,0.3555867168600425
5,0.6931582043393776,0.5252514961257065
6,0.6927118816057828,0.6809491346022254
7,0.6881947461419051,0.6831099062027938
8,0.654698927525662,0.6875930484688718
