,f1,recall,precision,cluster
0,0.730782,0.70272,0.761179,C7
1,0.565825,0.504591,0.643973,C8
2,0.712647,0.86464,0.606101,C25
3,0.739291,0.783632,0.6997,C26
