,dataset_celltypekey,ConvexGating,Hypergate,RBF SVM,linear SVM
0,Oetjen_cell_type_lvl2,0.8693526985349851,0.9735345716360932,0.9988315943700228,0.9959350103522807
1,Oetjen_cell_type_lvl3,0.8504475510267298,0.9481070092900389,0.9963514000694541,0.9833643482398886
2,Oetjen_cell_type_lvl4,0.8548483782892197,0.9475252523756339,0.9959615662085428,0.9794483773213708
3,Oetjen_cell_type_lvl5,0.8548324631350793,0.9486052822639406,0.9959138208155972,0.9792715353167452
4,large PBMC_cluster cell_type_lvl_1,0.9179740705521661,0.9844205893669024,0.9988688393670333,0.9953841423504995
5,large PBMC_cluster cell_type_lvl_2,0.8944041636840375,0.9761312485721647,0.9946604033877281,0.9784044839859453
6,small DC_cell_types,0.9511662199798955,0.9966481280896501,0.9998912357829288,0.9647152016770095
7,small DC_cell_types_lvl2,0.9595996494275812,0.993180291826906,0.9998522313162872,0.9808072226559931
