,dataset_celltypekey,ConvexGating,Hypergate,RBF SVM,linear SVM
0,Oetjen_cell_type_lvl2,0.7934294445042364,0.6766901435463601,0.9248716680307475,0.8547180434972188
1,Oetjen_cell_type_lvl3,0.5123479840310672,0.40675056077249605,0.6110183157794657,0.5042205643850007
2,Oetjen_cell_type_lvl4,0.3535330547575404,0.291675280600398,0.5375491791563762,0.4040200640357283
3,Oetjen_cell_type_lvl5,0.22650928586414118,0.18888518047360361,0.3590495439392543,0.2508526345254355
4,large PBMC_cluster cell_type_lvl_1,0.7866163643659554,0.7204115697074875,0.8726110878699868,0.7812099809844102
5,large PBMC_cluster cell_type_lvl_2,0.622276411528435,0.5137497634675291,0.625649349945814,0.5365012002942193
6,small DC_cell_types,0.8063905168237613,0.6786087297353072,0.7566901415971329,0.5551397220012345
7,small DC_cell_types_lvl2,0.48855013748603066,0.3963180931418614,0.39618290615478446,0.2814466724342004
