,x_coordinate,y_coordinate
0,2.250818781596909,0.3814546814985888
1,0.05533116486844862,0.538105283970437
2,0.003035654100463858,0.5141025965007762
3,0.0003734119362509619,0.2844920496018893
4,7.060483052923172e-05,0.022572937439263495
5,0.00037545245414215983,0.005418885978854032
6,0.531444165977599,0.02558535787739384
7,1.8180872763554203,0.17448353297180927
