,x_coordinate,y_coordinate
0,0.538105283970437,0.09273589413407525
1,0.4977456425739894,3.39699458416587
2,0.0318435353635352,1.8764388851608007
3,0.008740959750168375,0.28394433905658034
4,0.005418885978854032,0.015502167094542331
5,0.022572937439263495,0.004597499296882583
6,0.4775295926172281,0.012184145050193825
7,0.5141025965007762,0.0596045140638726
