,f1_hypergate,f1_cg
0,0.984632838283828,0.986853
1,0.992329057003042,0.993551
2,0.995458052749719,0.994602
3,0.779396092362345,0.820639
4,0.988409021948013,0.989203
5,0.688400576368876,0.655405
6,0.757803048632954,0.58871
7,0.982997697982563,0.987651
8,0.981009173600503,0.970243
