,f1_hypergate,f1_cg
0,0.987054377742493,0.98072
1,0.915594762487588,0.874764
2,0.990025027830224,0.987428
3,0.919081937854829,0.895073
4,0.9806534114347,0.752048
5,0.749607600165221,0.865248
6,0.993213639816148,0.960394
7,0.937281594700538,0.767714
8,0.988017410744529,0.956033
9,0.765769111730114,0.77166
10,0.989109981342415,0.956263
11,0.860149370885889,0.891574
12,0.977261336952298,0.944031
13,0.849074097921549,0.839425
14,0.989616746263692,0.96974
15,0.863587374903772,0.814322
