,recall_hypergate,recall_cg
0,0.980147816792383,0.969219
1,0.973769525493663,0.778713
2,0.98968249664991,0.993946
3,0.979223532529482,0.812377
4,0.979586622933527,0.603249
5,0.944126521693892,0.76537
6,0.990197025190489,0.928599
7,0.980529285543988,0.624448
8,0.981455700195579,0.918105
9,0.945361454990066,0.630404
10,0.986741454380467,0.918333
11,0.953348148913811,0.8055
12,0.969378920498025,0.89862
13,0.955925421173196,0.739508
14,0.983993857421298,0.943373
15,0.943323242515977,0.687533
