,hierarchy_1,hierarchy_2,hierarchy_3,hierarchy_4
f1,0.460405,0.912409,0.8,0.77451
recall,1.0,1.0,0.704,0.632
precision,0.299043,0.838926,0.926316,1.0
