,recall_hypergate,recall_cg
0,0.997909480505906,0.975923
1,0.997398306050363,0.99061
2,0.997925566513721,0.989419
3,0.998634501593081,0.701681
4,0.992081539835946,0.983007
5,0.997390396659708,0.5
6,0.997134670487106,0.420749
7,0.989643877113425,0.978599
8,0.991084718675086,0.949461
