,precision_hypergate,precision_cg
0,0.971704834605598,0.99803
1,0.987311076020753,0.996509
2,0.993002711449313,0.99984
3,0.639091173900379,0.988166
4,0.984763593857068,0.995478
5,0.525577557755776,0.95098
6,0.611121951219512,0.979866
7,0.976440191215261,0.996872
8,0.971136426443946,0.991956
