,precision_rbf_svm,precision_cg
0,0.99903784477229,0.99803
1,0.999591836734694,0.996509
2,0.9990533291259072,0.99984
3,0.9956140350877192,0.988166
4,0.9975207636048096,0.995478
5,0.9536082474226804,0.95098
6,0.9884393063583816,0.979866
7,0.9980806142034548,0.996872
8,0.9984593837535014,0.991956
