,recall_lin_svm,recall_cg
0,0.98330658105939,0.975923
1,0.9946927944478464,0.99061
2,0.994472520530638,0.989419
3,0.865546218487395,0.701681
4,0.9573306871743984,0.983007
5,0.6649484536082474,0.5
6,0.8097982708933718,0.420749
7,0.9286948176583494,0.978599
8,0.9501609967800644,0.949461
