,f1_rbf_svm,f1_cg
0,0.9987793909803416,0.98072
1,0.9968387776606956,0.874764
2,0.9990122107563943,0.987428
3,0.996498139636682,0.895073
4,0.998572975100876,0.752048
5,0.9927513394264104,0.865248
6,0.9993691957245486,0.960394
7,0.99825642217831,0.767714
8,0.9990779794016674,0.956033
9,0.9888111888111888,0.77166
10,0.9986296138206816,0.956263
11,0.9961642278732774,0.891574
12,0.998507949829813,0.944031
13,0.9908212560386472,0.839425
14,0.999400838825644,0.96974
15,0.9938420348058904,0.814322
