,f1_lin_svm,f1_cg
0,0.9822029822029822,0.986853
1,0.9922622683771128,0.993551
2,0.99478672985782,0.994602
3,0.8190854870775348,0.820639
4,0.9711229946524064,0.989203
5,0.75,0.655405
6,0.8180494905385735,0.58871
7,0.9606393011366456,0.987651
8,0.9545710267229254,0.970243
