,x_coordinate,y_coordinate
0,3.124338832530047,0.6849221561273642
1,4.753208758346392,0.5418973234554939
2,5.375253949234767,0.5491171178626716
3,8.978632812612156,0.6928087761685704
4,8.40073451937183,0.6929594545720186
5,7.395498070151588,0.6930995534656338
6,7.263274193160752,0.6931120692797406
7,6.191515786430009,0.69316770200068
8,4.8962867363319695,0.6931309292099163
9,4.732536696796348,0.6931241655516425
10,3.503010531258458,0.6928104595568443
11,3.135981396018175,0.6904311741803925
