,f1,recall,precision,cluster
0,0.676877,0.57984,0.812921,C7
1,0.55131,0.441627,0.733479,C8
2,0.744186,0.69632,0.799119,C25
3,0.7925,0.710762,0.89548,C26
