,x_coordinate,y_coordinate
0,0.5491613606851302,0.6308735810056073
1,0.6546841000229342,0.4693131051053938
2,0.6883085537202244,0.4581801334885356
3,0.6921210044858745,0.4883602107403178
4,0.6923138818364134,0.49051528078535533
5,0.6925648353938436,0.5199694566480529
6,0.6931100584666748,0.6178724593162664
7,0.6931190420326128,0.691059553356982
8,0.6930746079087429,0.6922277518171523
9,0.6929356426135186,0.6931289666705153
